<?xml version="1.0" encoding="UTF-8"?>
<!DOCTYPE suite SYSTEM "http://testng.org/testng-1.0.dtd">
<suite name="Suite">
	<test name="Test">
		<groups>
			<run>
			<include name="s.*"></include>
			<!--<include name="common"></include>
				<include name="smoke"></include>
				<include name="sanity"></include>
				<include name="regression"></include>
			 -->	<!-- <exclude name="regression"></exclude> -->
			</run>
		</groups>
		<classes>
			<class name="testNG.CreateLead" />
			<class name="testNG.DeleteLead" />
			<class name="testNG.EditLead" />
		</classes>
	</test> <!-- Test -->
</suite> <!-- Suite -->
